director_name,gross
Steven Spielberg,4114233101.0
Peter Jackson,2289968050.0
Michael Bay,2231242537.0
Tim Burton,2071275480.0
Sam Raimi,2049549198.0
James Cameron,1948125910.0
Christopher Nolan,1813227576.0
George Lucas,1741418480.0
Joss Whedon,1730886628.0
Robert Zemeckis,1619309108.0
Chris Columbus,1618707624.0
Jon Favreau,1562381547.0
Clint Eastwood,1378321100.0
Ron Howard,1362891801.0
Francis Lawrence,1358501971.0
Ridley Scott,1337771688.0
Gore Verbinski,1329600995.0
Shawn Levy,1177562263.0
Zack Snyder,1149192852.0
Sam Mendes,1137863626.0
Andrew Adamson,1137446920.0
Bryan Singer,1132739614.0
Brett Ratner,1061998151.0
Steven Soderbergh,1050729636.0
John Lasseter,1035915953.0
M. Night Shyamalan,1029527628.0
Jay Roach,1013524555.0
Roland Emmerich,952375462.0
Pete Docter,939341341.0
Barry Sonnenfeld,926174214.0
Martin Scorsese,914609800.0
Tom Shadyac,890339768.0
Rob Cohen,889081097.0
Tony Scott,881953673.0
Todd Phillips,881356030.0
David Fincher,863904524.0
Dennis Dugan,851981972.0
David Yates,842061364.0
Martin Campbell,812561647.0
Brad Bird,793815162.0
James Wan,791976204.0
Eric Darnell,763481894.0
Joel Schumacher,758976101.0
Garry Marshall,755336386.0
J.J. Abrams,746817809.0
Anthony Russo,742882536.0
Phil Lord,712690377.0
Bill Condon,707795035.0
Adam Shankman,697071855.0
Lana Wachowski,687238691.0
Tim Johnson,687050365.0
Paul Greengrass,686072860.0
Oliver Stone,679792713.0
Andrew Stanton,677704438.0
Kenneth Branagh,675401735.0
Louis Leterrier,671514451.0
Carlos Saldanha,667057871.0
Raja Gosnell,663162220.0
Colin Trevorrow,656185063.0
Richard Donner,636416927.0
Peter Segal,635719624.0
Wolfgang Petersen,628379716.0
Quentin Tarantino,624139594.0
Barry Levinson,623709246.0
Jonathan Liebesman,620577856.0
Pierre Coffin,619551280.0
Rob Marshall,616430006.0
John McTiernan,606153838.0
Robert Rodriguez,590283751.0
Tim Story,588701230.0
Bobby Farrelly,583581384.0
Paul Feig,581501799.0
Jon Turteltaub,577335180.0
Alfonso Cuarón,572352439.0
Jan de Bont,567847589.0
Francis Ford Coppola,558860377.0
Nancy Meyers,558599150.0
James Mangold,554390748.0
Mike Newell,552092779.0
Gary Ross,548536667.0
Andy Tennant,547029178.0
Rob Reiner,546997333.0
Dean DeBlois,540156631.0
Ivan Reitman,534858920.0
F. Gary Gray,530923809.0
Wes Craven,529079795.0
Ang Lee,526804708.0
Sydney Pollack,526218684.0
Adam McKay,524449691.0
Renny Harlin,523975947.0
Peter Berg,523040187.0
David O. Russell,520549751.0
Phillip Noyce,519989056.0
Doug Liman,519041027.0
Frank Coraci,518767407.0
Guy Ritchie,511414538.0
Marc Forster,510122871.0
Roger Allers,507087335.0
Rawson Marshall Thurber,505105992.0
Mike Mitchell,500950437.0
Brian De Palma,500840267.0
Marc Webb,497275970.0
Simon West,497083761.0
John Woo,493401036.0
Judd Apatow,487323538.0
Joe Johnston,487027157.0
McG,480290547.0
George Miller,479135651.0
Catherine Hardwicke,473777574.0
Chris Weitz,473200378.0
Robert Schwentke,473065748.0
Chris Miller,469941412.0
Antoine Fuqua,465630234.0
Peyton Reed,464908514.0
John Lee Hancock,459659902.0
Baz Luhrmann,442902351.0
Betty Thomas,433910970.0
Joseph Kosinski,433125309.0
Jason Reitman,425253811.0
Edward Zwick,420874084.0
Rob Minkoff,417115267.0
Lee Unkrich,414984497.0
Brian Levant,414038962.0
John Singleton,413714434.0
Paul W.S. Anderson,413432241.0
Shane Black,413228109.0
Harold Ramis,412242374.0
Chris Wedge,412102714.0
Robert Luketic,411972459.0
Justin Lin,406620795.0
Rob Letterman,401151867.0
Chris Buck,400736600.0
Ethan Coen,397737757.0
Mark Waters,394327585.0
Paul Verhoeven,391436600.0
Stephen Sommers,387425273.0
Chuck Russell,385675898.0
Peter Weir,380889862.0
Anne Fletcher,377630465.0
Seth Gordon,372119868.0
Andy Fickman,365433732.0
Michael Mann,363735780.0
Tim Miller,363024263.0
Christopher McQuarrie,361116016.0
Jon M. Chu,360590020.0
Ron Clements,359844880.0
Tim Hill,358921863.0
Jaume Collet-Serra,358426508.0
Guillermo del Toro,355843551.0
Cameron Crowe,355579415.0
Leonard Nimoy,353894092.0
Frank Oz,352261718.0
Tyler Perry,348337748.0
Irvin Kershner,345658751.0
Kevin Reynolds,345154139.0
Seth MacFarlane,342501865.0
James Gunn,341227583.0
David Slade,341100071.0
Donald Petrie,340782703.0
David Frankel,338624584.0
David Ayer,338528724.0
Kyle Balda,336029560.0
Paul Weitz,334608827.0
Spike Lee,328500427.0
Yarrow Cheney,323505540.0
Martin Brest,323440525.0
Alex Proyas,320915278.0
Genndy Tartakovsky,318005620.0
D.J. Caruso,316981707.0
Jonathan Mostow,316107826.0
John Carpenter,315333745.0
Scott Derrickson,312380532.0
Joe Dante,312044641.0
Jerry Zucker,311838964.0
Andrew Davis,311800363.0
Adrian Lyne,311033012.0
David Zucker,310185660.0
Richard Marquand,309125409.0
Woody Allen,308345443.0
Ben Stiller,302800109.0
Brad Peyton,302569689.0
Matt Reeves,300712517.0
John G. Avildsen,298835247.0
Nicholas Stoller,296870265.0
Jonathan Demme,296843180.0
Alan Taylor,296092053.0
Steve Carr,295095213.0
Michael Apted,293799466.0
Steve Martino,291492320.0
Joel Zwick,289551983.0
Tom Hooper,288020360.0
Danny Boyle,287056963.0
Jeff Tremaine,283471008.0
Alejandro G. Iñárritu,281904926.0
Penny Marshall,276541336.0
Dan Scanlon,268488329.0
John Glen,266352912.0
Joe Wright,266107297.0
Olivier Megaton,265772165.0
George Roy Hill,261908900.0
Lee Tamahori,261699760.0
Larry Charles,261111459.0
Kevin Costner,260130919.0
Gus Van Sant,257104080.0
Steven Brill,256656266.0
Anthony Minghella,255576179.0
Gavin Hood,254116544.0
Curtis Hanson,253289540.0
Frank Marshall,252483657.0
Alexander Payne,251630386.0
Darren Aronofsky,251314961.0
William Friedkin,250586390.0
Sean Anders,250057902.0
Len Wiseman,248323628.0
Gabriele Muccino,245862880.0
Robert Wise,245514286.0
Dean Parisot,245415758.0
Rupert Wyatt,244003092.0
Mel Brooks,243919483.0
Brian Helgeland,242128271.0
Steve Oedekerk,241450927.0
Robert Stromberg,241407328.0
Neill Blomkamp,240265620.0
John Landis,238410000.0
Mark Andrews,237282182.0
Stephen Herek,236390196.0
John Madden,236364967.0
Brad Silberling,235297169.0
Matthew Vaughn,235132974.0
Lasse Hallström,233160678.0
Angelina Jolie Pitt,232040274.0
David R. Ellis,231814993.0
Neil Burger,230714216.0
Darren Lynn Bousman,230585939.0
Roger Donaldson,230518521.0
Mark Dindal,228240829.0
Ben Affleck,228192683.0
Keenen Ivory Wayans,228074122.0
Tobe Hooper,227828535.0
Bruce Beresford,223328527.0
Hugh Wilson,222833135.0
Don Hall,222487711.0
Tarsem Singh,221994604.0
Victor Fleming,220857890.0
Wes Anderson,220077223.0
James L. Brooks,219894415.0
Nora Ephron,219871202.0
Luc Besson,219349473.0
Frank Darabont,218531517.0
Stephen Frears,218276705.0
Kirk De Micco,217271514.0
Malcolm D. Lee,216980749.0
Mark Osborne,216734173.0
James Bobin,216651439.0
Randal Kleiser,216153160.0
John Pasquin,216076434.0
Neil Jordan,216026797.0
Mimi Leder,215224298.0
James DeMonaco,214788010.0
Roger Michell,213789872.0
Lee Daniels,211705228.0
Bibo Bergeron,211564683.0
Mike Nichols,210893801.0
George P. Cosmatos,209075037.0
Jonathan Frakes,205872154.0
Thor Freudenthal,205583234.0
Kevin Smith,205538086.0
Nick Cassavetes,204183029.0
Tony Gilroy,202750534.0
Kenny Ortega,201915538.0
Eric Brevig,201871128.0
Nathan Greno,200807262.0
Tate Taylor,200219527.0
Will Gluck,200115480.0
Milos Forman,198180635.0
Ken Kwapis,196867623.0
Brian Robbins,196830826.0
Randall Wallace,194696074.0
Kevin Lima,194648436.0
Peter Chelsom,194135857.0
Elizabeth Banks,192265151.0
Luke Greenfield,191767419.0
Taylor Hackford,191130423.0
Les Mayfield,190873104.0
Harold Becker,189959639.0
Rich Moore,189412677.0
Sam Weisman,188628829.0
Thomas Carter,188419331.0
John Moore,188109652.0
Jesse Dylan,188090535.0
Robert Redford,187402264.0
Albert Hughes,185919323.0
David Bowers,185701204.0
Stephen Hopkins,185612013.0
Baltasar Kormákur,185309865.0
William Cottrell,184925485.0
Gary Trousdale,184154642.0
Wes Ball,184101193.0
Wayne Wang,183474473.0
David Silverman,183132370.0
George Clooney,181694587.0
Dominic Sena,181684823.0
Kirk Jones,181444109.0
Pierre Morel,180164086.0
Tom Dey,179233938.0
Andrzej Bartkowiak,179109500.0
Scott Hicks,177916532.0
Josh Trank,176800938.0
John Whitesell,175741905.0
Boaz Yakin,175420607.0
Peter Faiman,174635000.0
Peter Hyams,174185180.0
Phyllida Lloyd,173663646.0
Timur Bekmambetov,173572335.0
Sylvester Stallone,173250742.0
Michael Moore,171560187.0
David Lean,171322000.0
Gary Winick,170663373.0
Kevin Rodney Sullivan,170590639.0
Mick Jackson,169419832.0
Richard Lester,168715005.0
Joe Roth,167309575.0
Mikael Håfström,166154719.0
Sam Taylor-Johnson,166147885.0
Jennifer Yuh Nelson,165230261.0
Jon Amiel,164669328.0
Paul Tibbitt,162495848.0
Richard Linklater,161313963.0
Roger Spottiswoode,160903457.0
James Wong,160659684.0
Herbert Ross,160000000.0
John Hamburg,159224785.0
Jake Kasdan,159133818.0
Greg Mottola,158834611.0
Ruben Fleischer,158640928.0
Henry Joost,157892649.0
Walt Becker,156364192.0
Michel Gondry,155770239.0
Rupert Sanders,155111815.0
David Twohy,154353903.0
Rob Bowman,154211147.0
Nicholas Meyer,153788996.0
George Tillman Jr.,152963176.0
Clark Johnson,152922576.0
Lewis Gilbert,152600000.0
Terry Gilliam,151570771.0
Gary Fleder,151506691.0
Guy Hamilton,151300000.0
J.B. Rogers,150613528.0
Takashi Shimizu,149319710.0
Tom McGrath,148337537.0
Spike Jonze,147883036.0
Ben Falcone,147552910.0
Peter Hewitt,147395744.0
Michael Lembeck,147280134.0
Kathryn Bigelow,146589393.0
Florian Henckel von Donnersmarck,146546971.0
Barbra Streisand,146440027.0
David Dobkin,146401042.0
Josh Gordon,145911998.0
Alan J. Pakula,143645221.0
Alessandro Carloni,143523463.0
Bob Clark,141751281.0
Mike Gabriel,141600000.0
Jonathan Lynn,140708850.0
Daniel Myrick,140530114.0
Glenn Ficarra,140127358.0
Charles Martin Smith,138929089.0
Peter Lord,137845041.0
Eric Leighton,137748063.0
David S. Goyer,137673719.0
Stephen Norrington,136463665.0
Breck Eisner,135101920.0
Mark Steven Johnson,134055280.0
Paul Thomas Anderson,131316420.0
Warren Beatty,130264560.0
Paul Haggis,130244044.0
Howard Zieff,129647242.0
Stephen Daldry,129610440.0
Don Bluth,129142655.0
Jason Friedberg,128803031.0
Jay Russell,127798476.0
David McNally,127521261.0
Daniel Espinosa,127355790.0
Peter Farrelly,127175354.0
Mel Gibson,126959152.0
P.J. Hogan,126805112.0
Steve Hickner,126597121.0
Ronny Yu,126185101.0
Ryan Coogler,125810727.0
Michael Sucsy,125014030.0
Josh Boone,124868837.0
Jared Hess,124738949.0
James McTeigue,124607857.0
Jay Chandrasekhar,122930669.0
Luis Llosa,122920570.0
Marc Lawrence,122887883.0
Iain Softley,122825317.0
Richard LaGravenese,122610488.0
Penelope Spheeris,121697350.0
Tony Bancroft,120618403.0
John R. Leonetti,120191243.0
Cody Cameron,119793567.0
Hoyt Yeatman,119420252.0
Phil Alden Robinson,118471320.0
José Padilha,117222074.0
David Gordon Green,117059369.0
Mark Neveldine,115434792.0
Michael Caton-Jones,114795663.0
Denis Villeneuve,114695442.0
Byron Howard,114053579.0
John Erick Dowdle,113758254.0
Scott Cooper,113352817.0
Stanley Kubrick,112353051.0
Stephen Gaghan,112349943.0
William Brent Bell,112117515.0
Stuart Baird,111869879.0
Steve Pink,111133980.0
Burr Steers,110875581.0
Lawrence Guterman,110385797.0
David Koepp,110009619.0
John Cornell,109306210.0
Jim Sheridan,109268592.0
Peter Billingsley,109176215.0
John A. Davis,109054107.0
Jean-Jacques Annaud,108245920.0
Jon Avnet,108053123.0
Oren Peli,107917283.0
Frank Miller,107631297.0
Evan Goldberg,107575377.0
Clay Kaytis,107225164.0
Duncan Jones,106685574.0
Noam Murro,106369117.0
Norman Jewison,105788950.0
Carl Franklin,105657924.0
Terence Young,104467035.0
Bennett Miller,104353062.0
Jonathan Levine,103400972.0
Peter Ramsey,103400692.0
Jeannot Szwarc,102922376.0
Robert Stevenson,102300000.0
Irwin Winkler,101953173.0
Ron Shelton,101354726.0
Brenda Chapman,101217900.0
Alexandre Aja,101117513.0
Joel Coen,100911341.0
Andrew Niccol,100638459.0
Reginald Hudlin,100623057.0
Igor Kovalyov,100491683.0
Bo Welch,100446895.0
Alejandro Amenábar,99176030.0
Pete Travis,99069672.0
Ole Bornedal,98244638.0
Peter Cattaneo,98192469.0
Joe Carnahan,97628743.0
Rob Zombie,97420400.0
David Kellogg,97360069.0
Miguel Arteta,97298155.0
Charles Herman-Wurmfeld,96831312.0
Steve Miner,96786199.0
Gavin O'Connor,96526219.0
Lawrence Kasdan,96491837.0
Michael Patrick King,95328937.0
Patrick Lussier,95234950.0
Jon Hurwitz,94811446.0
Edgar Wright,94580593.0
John Schultz,94476214.0
Kimberly Peirce,92978933.0
Gregory Hoblit,92748354.0
John Frankenheimer,92634354.0
Morten Tyldum,92318204.0
Tom Vaughan,92131606.0
John Luessenhop,92078976.0
Tamra Davis,91656314.0
Joe Pytka,90443603.0
Etan Cohen,90353764.0
Callie Khouri,90255387.0
Rick Famuyiwa,90131409.0
Steven Quale,90129230.0
John Milius,89722612.0
Julie Anne Robinson,89338546.0
Robert Iscove,88869047.0
Russell Mulcahy,88603927.0
Jean-Pierre Jeunet,88478467.0
Paul McGuigan,87971773.0
Michael Ritchie,87937142.0
Joel Edgerton,87542582.0
Ryan Murphy,87328908.0
Ric Roman Waugh,85838192.0
Stephen Hillenburg,85416609.0
Trey Parker,85365146.0
Sylvain White,84884176.0
Tod Williams,84749884.0
Mike Judge,84710239.0
Norman Ferguson,84300000.0
Niki Caro,83566640.0
Jim Abrahams,83400000.0
David Soren,83024900.0
Alan Parker,82627204.0
Richard Attenborough,82541797.0
Gabor Csupo,82234139.0
Mathieu Kassovitz,82119766.0
Gil Kenan,81532703.0
Henry Selick,80689575.0
Roger Kumble,80228423.0
Howard Deutch,80212892.0
John Polson,79661590.0
John Badham,79568000.0
Barbet Schroeder,78692160.0
Michael Pressman,78656813.0
Harald Zwart,78450920.0
Charles Stone III,78198464.0
Alex Kendrick,78148363.0
Simon Wells,78064134.0
Luc Jacquet,77413017.0
Brad Furman,77298535.0
Dennie Gordon,77096564.0
Luis Mandoki,76843536.0
Stig Bergqvist,76501438.0
Jean-Marc Vallée,76165854.0
Paul King,76137505.0
David Carson,75668868.0
John Stockwell,75519906.0
Chris Koch,75417125.0
Stefen Fangmeier,75030163.0
Julie Taymor,74726773.0
Richard Curtis,74659658.0
Patricia Riggen,73882165.0
Victor Salva,73669003.0
Kevin Greutert,73340268.0
Kelly Asbury,73215310.0
Jim Gillespie,72219395.0
Amy Heckerling,72098562.0
Eli Roth,72008808.0
George Cukor,72000000.0
Michael Tollin,71971376.0
Steve Beck,71947276.0
Dan Trachtenberg,71897215.0
Simon Wincer,71738839.0
Ron Underwood,71706195.0
Gil Junger,71598914.0
Andrés Muschietti,71588220.0
Sharon Maguire,71500556.0
Kevin Bray,71342970.0
Mike McCoy,70011073.0
Rian Johnson,69987942.0
Colin Higgins,69700000.0
Chris Noonan,69575649.0
Scott Stewart,69304706.0
Akiva Schaffer,68701106.0
Roman Polanski,68683523.0
Peter Howitt,68669436.0
Sidney Lumet,68314622.0
Richard Loncraine,68176655.0
John Schlesinger,68129572.0
David Wain,68032787.0
Nimród Antal,67989564.0
Mark Rosman,67678935.0
Neil LaBute,67287398.0
Sofia Coppola,67156366.0
Jessie Nelson,66555370.0
Jimmy Hayward,66287138.0
Terry Zwigoff,66258395.0
Angela Robinson,66098797.0
Gregory Jacobs,66009973.0
Dennis Iliadis,65443270.0
Hugh Hudson,65343194.0
Gina Prince-Bythewood,65207472.0
Jason Moore,64998368.0
Danny Leiner,64954539.0
Shekhar Kapur,64583631.0
Andrew Douglas,64255243.0
Peter Lepeniotis,64238770.0
Steven Zaillian,63924359.0
Jeff Wadlow,63642273.0
Andrey Konchalovskiy,63599176.0
Colin Strause,63168491.0
Chris Rock,63065789.0
Robert Altman,62931241.0
Mary Lambert,62686677.0
George Nolfi,62453315.0
Babak Najafi,62401264.0
Terrence Malick,62401175.0
Måns Mårlind,62321039.0
Tom Tykwer,62025370.0
Salim Akil,61692863.0
Andrew Fleming,61589249.0
Tom Hanks,61375788.0
Stephen Kay,61343136.0
Craig Gillespie,60696301.0
Steve McQueen,60668174.0
James Algar,60507228.0
Michael McCullers,60269340.0
Forest Whitaker,60033780.0
Mike Binder,59993021.0
Jonathan Dayton,59889948.0
Christopher Spencer,59696176.0
Mark Pellington,59591197.0
Jodie Foster,59485071.0
Brad Anderson,58918728.0
John Francis Daley,58879132.0
Ash Brannon,58867694.0
David Cronenberg,58792952.0
Bruce McCulloch,58576045.0
Jamie Blanks,58432773.0
Matthew O'Callaghan,58336565.0
Joseph L. Mankiewicz,57750000.0
Ericson Core,57544444.0
John Dahl,57472209.0
Michael Tiddes,57356166.0
Cal Brunker,57011847.0
David Hackl,56729973.0
David F. Sandberg,56536016.0
Geoffrey Sax,56518241.0
Thea Sharrock,56154094.0
Brett Leonard,56149000.0
Preston A. Whitmore II,56131602.0
Steve Box,56068547.0
Chris Butler,55994557.0
Gary Shore,55942830.0
Tommy Wirkola,55723779.0
Vincent Ward,55350897.0
Kevin Munroe,55315950.0
William Shatner,55210049.0
Michael Lehmann,55157862.0
Mark A.Z. Dippé,54967359.0
Fred Wolf,54800746.0
Nima Nourizadeh,54724272.0
James Watkins,54322273.0
Sean McNamara,54265404.0
Fede Alvarez,54239856.0
Luis Valdez,54215416.0
Peter Hedges,54213634.0
William Malone,54054105.0
Peter MacDonald,53715611.0
Anton Corbijn,53705048.0
Ted Demme,52937130.0
Sam Miller,52543632.0
Alejandro Agresti,52320979.0
Leigh Whannell,52200504.0
Ava DuVernay,52066000.0
Gillian Armstrong,51511989.0
John Wells,51389138.0
Denzel Washington,51304289.0
James Ivory,51192466.0
Cory Edwards,51053787.0
Garth Jennings,51019112.0
Stiles White,50820940.0
Sam Fell,50818750.0
Graham Annable,50807639.0
Alexander Witt,50740078.0
Tom McCarthy,50727556.0
R.J. Cutler,50461335.0
Darren Grant,50382128.0
Kevin Donovan,50189179.0
Jorge R. Gutiérrez,50150619.0
Rupert Wainwright,50041732.0
Will Finn,50026353.0
Geoff Murphy,50024083.0
Anthony Hemingway,49875589.0
David S. Ward,49797148.0
Rod Lurie,49650799.0
Jane Campion,49315510.0
Dwight H. Little,49294393.0
Nicholas Hytner,48988266.0
Aaron Seltzer,48546578.0
Robin Budd,48423368.0
Tom Holland,48416159.0
Jennifer Flackett,48006503.0
Cedric Nicolas-Troyan,47952020.0
Simon Curtis,47902442.0
Steve Trenbirth,47887943.0
Mennan Yapo,47852604.0
Bille Woodruff,47605622.0
Michael Hoffman,47437811.0
Christophe Gans,46982632.0
Christian Ditter,46813366.0
Griffin Dunne,46611204.0
Sarah Smith,46440491.0
Stanley Kramer,46300000.0
Paul Weiland,46012734.0
Patrick Tatopoulos,45802315.0
Clare Kilner,45693818.0
Jun Falkenstein,45542421.0
Brian Gibson,44834712.0
Elizabeth Allen Rosenbaum,44757122.0
Christopher Cain,44726644.0
Michel Hazanavicius,44667095.0
Eugenio Derbez,44456509.0
Michael Rymer,44310945.0
Danny Cannon,44269585.0
Fernando Meirelles,44202164.0
Theodore Melfi,44134898.0
Bernardo Bertolucci,43984230.0
Gary David Goldberg,43894863.0
Nelson McCormick,43818159.0
Shana Feste,43728548.0
Jerome Robbins,43650000.0
Audrey Wells,43601508.0
Scott Waugh,43568507.0
Chris Kentis,43056112.0
Jim Fall,42672630.0
Stuart Gillard,42660000.0
Michael Dougherty,42592530.0
Lee Toland Krieger,42478175.0
Danny DeVito,42284315.0
Jorge Blanco,42194060.0
Karyn Kusama,42062780.0
Drew Goddard,42043633.0
Tim Robbins,41924970.0
Tim McCanlies,41407470.0
Todd Field,41378253.0
Daniel Stamm,40990055.0
Richard Fleischer,40900000.0
Ken Scott,40873830.0
David Lynch,40817444.0
Morgan Spurlock,40402742.0
Perry Andelin Blake,40363530.0
David Mirkin,40334024.0
Beeban Kidron,40203020.0
Pitof,40198710.0
Chris Stokes,40066497.0
Billy Bob Thornton,40002541.0
Cathy Malkasian,39880476.0
Xavier Gens,39709528.0
Harry Elfont,39591947.0
Joe Camp,39552600.0
Steve Antin,39440655.0
John Eng,39399750.0
Patrick Hughes,39292022.0
Gurinder Chadha,39142798.0
Rachel Talalay,38936626.0
Dave Green,38916903.0
James Marsh,38845241.0
Steven Seagal,38590500.0
Phil Joanou,38432823.0
John Crowley,38317535.0
Carl Rinsch,38297305.0
Mike Nawrocki,38273231.0
Paul Michael Glaser,38122105.0
James Foley,38093845.0
Sean Penn,38072384.0
Joel Gallen,37882551.0
Kerry Conran,37760080.0
Joan Chen,37752931.0
John Hoffman,37566230.0
Alan Poul,37481242.0
Christian E. Christiansen,37300107.0
Nicolas Winding Refn,37164301.0
Edward Norton,37036404.0
Neil Marshall,36961333.0
Mira Nair,36942746.0
Chris Nahon,36833473.0
Chuck Sheetz,36696761.0
Don Siegel,36500000.0
Nicole Holofcener,36368077.0
Camille Delamarre,36313384.0
Todd Graff,36125510.0
Walter Hill,36101317.0
Barry Cook,36073232.0
Diane Keaton,36037909.0
Cecil B. DeMille,36000000.0
Henry Koster,36000000.0
Andrew Bergman,35754405.0
Dan Mazer,35537564.0
Gregory Nava,35422828.0
Joseph Ruben,35324232.0
Jake Schreier,35315702.0
Justin Chadwick,35139705.0
Scott Speer,35057332.0
Oliver Parker,35042787.0
Christian Duguay,35035073.0
Todd Strauss-Schulson,35033759.0
Mark Helfrich,35000629.0
J Blakeson,34912982.0
Robert Harmon,34882660.0
Martin Lawrence,34746109.0
Liz Friedlander,34703228.0
Florent-Emilio Siri,34636443.0
James Gray,34579114.0
Peter Landesman,34531832.0
George Armitage,34485930.0
Tommy O'Haver,34473936.0
Patty Jenkins,34468224.0
Kevin Tancharoen,34313048.0
Peter Sollett,34094265.0
Ari Sandel,34017854.0
Mark Romanek,34009176.0
Kelly Makin,33864342.0
Phil Traill,33860010.0
Matt Williams,33771174.0
Jonathan Hensleigh,33682273.0
Kent Alterman,33472850.0
Steven E. de Souza,33423521.0
John Patrick Shanley,33422556.0
Sheldon Lettich,33376305.0
Dinesh D'Souza,33349949.0
Michael Schultz,33000000.0
Marcus Raboy,32983713.0
John Gatins,32701088.0
Bonnie Hunt,32662299.0
Joseph Zito,32600000.0
Steve Bendelack,32553210.0
Christopher Landon,32453345.0
Grant Heslov,32416109.0
Mike Figgis,32368140.0
Stanley Tong,32333860.0
Dan Gilroy,32279955.0
Leslie Small,32230907.0
Marco Schnabel,32178777.0
Hayao Miyazaki,32140315.0
Hironobu Sakaguchi,32131830.0
Tony Goldwyn,32080020.0
Patrick Read Johnson,32041078.0
Tim Blake Nelson,32034806.0
Alfred Hitchcock,32000000.0
Walter Salles,31786148.0
Shane Acker,31743332.0
Kirsten Sheridan,31655091.0
Mark Tonderai,31607598.0
Craig Brewer,31598123.0
Jim Field Smith,31584722.0
Dexter Fletcher,31571264.0
Levan Gabriadze,31537320.0
David Moreau,31397498.0
Christopher Erskin,31179516.0
Derek Cianfrance,31084857.0
Zach Braff,30370155.0
John Fortenberry,30324946.0
Bob Dolman,30306281.0
Rick Rosenthal,30259652.0
Rowdy Herrington,30050028.0
Jack Sholder,30000000.0
Michael Spierig,29975979.0
Joe Nussbaum,29878634.0
John McNaughton,29753944.0
Kinka Usher,29655590.0
Craig R. Baxley,29543314.0
Sara Sugarman,29302097.0
Bob Spiers,29247405.0
Thomas Bezucha,29241062.0
Mark Rydell,29200000.0
Susanna White,28995450.0
Ed Decter,28972187.0
Joe Charbanic,28927720.0
Juan Carlos Fresnadillo,28637507.0
Philip Kaufman,28560876.0
John Lafia,28501605.0
Greg Coolidge,28435406.0
John Stainton,28399192.0
Vic Armstrong,27996564.0
Gene Quintano,27979400.0
David Raynr,27919544.0
Daniel Barnz,27854896.0
Ciarán Foy,27736779.0
Mike Flanagan,27689474.0
Peter Webber,27667947.0
Gary Hardwick,27457409.0
Brian Henson,27281507.0
Christopher Guest,27055856.0
Kirk Wong,27052167.0
Jeff Nichols,27027070.0
Rick Friedberg,26906039.0
Diane English,26896744.0
Eric Valette,26876529.0
Courtney Solomon,26792540.0
Stephen J. Anderson,26687172.0
Ethan Maniquis,26589953.0
Jason Zada,26583369.0
Bronwen Hughes,26539321.0
Joe Berlinger,26421314.0
Lone Scherfig,26340729.0
Patrick Gilmore,26288320.0
J.A. Bayona,26155902.0
Troy Miller,26096584.0
Tom Gormican,26049082.0
Des McAnuff,26000610.0
Scott Frank,25977365.0
Masayuki Ochiai,25926543.0
Craig Mazin,25884830.0
David Gelb,25799043.0
Jon Lucas,25675765.0
Damien Dante Wayans,25615792.0
John Carney,25606674.0
Richard Benjamin,25570664.0
Olatunde Osunsanmi,25464480.0
Alex Garland,25440971.0
Dan Cutforth,25240988.0
Pat O'Connor,25178165.0
Robert Eggers,25138292.0
Gary McKendry,25093607.0
Anthony Bell,25077977.0
Michael Anderson,25000000.0
Billy Wilder,25000000.0
Jesse Peretz,24809547.0
Joseph Gordon-Levitt,24475193.0
Andy Cadiff,24379028.0
John Herzfeld,24375436.0
Tomas Alfredson,24104113.0
Troy Nixey,24042490.0
Jody Hill,23993605.0
Rob Pritts,23978402.0
William Wyler,23650000.0
Ron Maxwell,23640529.0
Christian Alvart,23574539.0
Terry George,23472900.0
Kevin Allen,23408438.0
Glen Morgan,23087437.0
Alister Grierson,23070045.0
Ice Cube,23031390.0
Paul Hunter,23020488.0
Wally Pfister,23014504.0
Sergey Bodrov,22955774.0
Nigel Cole,22930582.0
Brandon Camp,22927390.0
Peter R. Hunt,22800000.0
Travis Cluff,22757819.0
Martin McDonagh,22746891.0
Frederik Du Chau,22717758.0
Don Scardino,22525921.0
Philip G. Atwell,22466994.0
Dean Israelite,22331028.0
Mike Bigelow,22264487.0
Mark Brown,22235901.0
Jeremy Leven,22200000.0
Jaume Balagueró,22187109.0
Gordon Chan,22108977.0
Michael Mayer,22027726.0
Kasi Lemmons,21838709.0
Justin Zackham,21784432.0
David E. Talbert,21564616.0
Nat Faxon,21501098.0
George A. Romero,21487615.0
Brian Percival,21483154.0
Roger Christian,21471685.0
John Ottman,21468807.0
Chris Gorak,21426805.0
Rand Ravich,21309162.0
Danny Steinmann,21300000.0
Joseph Kahn,21176322.0
Ernest R. Dickerson,21088568.0
Don Michael Paul,21055845.0
Chris Carter,20981633.0
Annabel Jankel,20915465.0
Lisa Cholodenko,20803237.0
Martin Weisz,20801344.0
Harold Cronk,20773070.0
Joseph Sargent,20763013.0
Robert Duvall,20733485.0
Oliver Hirschbiegel,20573454.0
Peter Atencio,20566327.0
Nick Hurran,20422207.0
John Gray,20400913.0
King Vidor,20400000.0
Richard Glatzer,20346399.0
Robert Ben Garant,20339754.0
Jim Sonzero,20259297.0
Juan José Campanella,20167424.0
Alan Shapiro,20047715.0
Kris Isacsson,20035310.0
Jean-François Richet,19976073.0
DJ Pooh,19918431.0
Todd Haynes,19856109.0
Mikael Salomon,19819494.0
Edward Burns,19695819.0
Allen Hughes,19692608.0
Kurt Wimmer,19690984.0
Tom McLoughlin,19472057.0
Gary Chapman,19447478.0
Maurice Joyce,19421271.0
Jacques Perrin,19406406.0
Susan Stroman,19377727.0
George Jackson,19281235.0
John Carl Buechler,19170001.0
Adrienne Shelly,19067631.0
Stuart Beattie,19059018.0
Allen Coulter,19057024.0
Andrew Dominik,18843552.0
John Bonito,18843314.0
Richard Eyre,18800789.0
Julian Jarrold,18663911.0
Asger Leth,18600911.0
Ricky Gervais,18439082.0
Dustin Hoffman,18381787.0
John Sayles,18332126.0
Leon Ichaso,18272447.0
Bart Freundlich,18233399.0
Bradley Parker,18112929.0
Michael Polish,18102720.0
Frank Nissen,18081626.0
Daniel Sackheim,17951431.0
Nanette Burstein,17797316.0
Yimou Zhang,17785858.0
Katt Shea,17757087.0
Stephen Chbosky,17738570.0
Jeff Schaffer,17718223.0
Gonzalo López-Gallego,17683670.0
Patricia Rozema,17655201.0
Kevin Macdonald,17605861.0
Stephen Chow,17593541.0
Michael J. Bassett,17529157.0
Vincenzo Natali,17488266.0
Antony Hoffman,17473245.0
Carter Smith,17427926.0
David Nutter,17411331.0
Mark L. Lester,17375557.0
Ellory Elkayem,17266505.0
Mike Leigh,17232242.0
Kevin Hooks,17100000.0
Don Mancini,17016190.0
John 'Bud' Cardos,17000000.0
E. Elias Merhige,16991581.0
Peter Hastings,16988996.0
Ben Younger,16938179.0
Carol Reed,16800000.0
Janusz Kaminski,16779636.0
Jonas Elmer,16699684.0
Mark Christopher,16574731.0
Stephan Elliott,16459004.0
Peter Kosminsky,16346122.0
Willard Huyck,16295774.0
Joshua Michael Stern,16284360.0
Michael Cristofer,16252765.0
Ariel Vromen,16207974.0
James Bridges,16118077.0
Gregory Widen,16115878.0
Rob McKittrick,16101109.0
Karey Kirkpatrick,16088610.0
Richard Kelly,16046979.0
Adam Marcus,15935068.0
Britt Allcroft,15911333.0
Matt Bettinelli-Olpin,15818967.0
Demian Lichtenstein,15738632.0
Paul Abascal,15712072.0
Sidney J. Furie,15681020.0
Trent Cooper,15655665.0
RZA,15608545.0
Paul Bolger,15519841.0
Josef Rusnak,15500000.0
Nick Gomez,15427192.0
Rob Schmidt,15417771.0
Danny Pang,15279680.0
Melvin Van Peebles,15180000.0
Ed Gass-Donnelly,15152879.0
Joe Chappelle,15126948.0
Wayne Kramer,15099017.0
Steve Barron,15091542.0
Alan Cohn,15062898.0
Mary Harron,15047419.0
Noah Baumbach,14936166.0
Sergio Leone,14900000.0
Bruce Hunt,14888028.0
Lenny Abrahamson,14677654.0
David Robert Mitchell,14673301.0
John Hillcoat,14584322.0
Clive Barker,14564027.0
Tommy Lee Wallace,14400000.0
Elaine May,14375181.0
Joby Harold,14373825.0
Franco Zeffirelli,14348123.0
Rob Hedden,14343976.0
Nick Hamm,14334645.0
Wych Kaosayananda,14294842.0
James Mather,14291570.0
Tom Green,14249005.0
Harmony Korine,14123773.0
Gary Sherman,14114488.0
Ringo Lam,14095303.0
Uli Edel,14032258.0
Michael Gornick,14000000.0
Mark Mylod,13987482.0
Jessy Terrero,13922211.0
Brendan Malloy,13903262.0
Andrew Morahan,13829734.0
Saul Dibb,13823741.0
Miguel Sapochnik,13763130.0
David Palmer,13746550.0
Tuck Tucker,13684949.0
Jesse Vaughan,13571817.0
Gregory Poirier,13558739.0
John Boorman,13491653.0
Richard Shepard,13447113.0
Charles Shyer,13395939.0
Michael O. Sajbel,13391174.0
Atom Egoyan,13385284.0
Ulu Grosbard,13376506.0
Mickey Liddell,13350177.0
Vadim Perelman,13308924.0
Michael Wadleigh,13300000.0
Fred Savage,13235267.0
Steve Rash,13192814.0
Bill Paxton,13103828.0
Damien Chazelle,13092000.0
Tony Bill,13082288.0
Drew Barrymore,13034417.0
Michael Dinner,13019253.0
Fred Walton,12947763.0
Douglas Aarniokoski,12801190.0
Benh Zeitlin,12784397.0
Jerry Zaks,12782508.0
James Isaac,12610731.0
Robert Marcarelli,12610552.0
Bryan Barber,12549485.0
David Mamet,12544847.0
Theodore Witcher,12514138.0
Steve Carver,12200000.0
Jee-woon Kim,12155156.0
Douglas McGrath,12099494.0
Christine Jeffs,12055108.0
Stewart Hendler,11956207.0
Prachya Pinkaew,11905519.0
Newt Arnold,11806119.0
Rusty Cundieff,11797927.0
Charles T. Kanganis,11784000.0
Jim Hanon,11703287.0
Jay Duplass,11699602.0
Dominique Othenin-Girard,11642254.0
Michael Winterbottom,11640241.0
Gary Halvorson,11634458.0
Albert Brooks,11614236.0
Chris Roberts,11576087.0
Chia-Liang Liu,11546543.0
Fred Durst,11508423.0
Roland Joffé,11468392.0
Robert Butler,11466088.0
Brian Klugman,11434867.0
Hugh Johnson,11227940.0
Uwe Boll,11217772.0
Emilio Estevez,11204499.0
Steve Gomer,11144518.0
Hyung-rae Shim,11119970.0
J.C. Chandor,11103173.0
Jon Kasdan,11043445.0
Niels Arden Oplev,10880926.0
Costa-Gavras,10830495.0
Fred Dekker,10696210.0
Bill Duke,10572742.0
Michael Patrick Jann,10561238.0
Damon Santostefano,10544143.0
Mark Piznarski,10494147.0
Mic Rodgers,10431220.0
Michael Martin,10305534.0
Troy Duffy,10269307.0
Wallace Wolodarsky,10198766.0
Louis Morneau,10149779.0
Mike Disa,10134754.0
Jonathan Kaplan,10114315.0
Hark Tsui,10076136.0
Victor Nunez,10056173.0
Takao Okawara,10037390.0
Benny Boom,10017041.0
Bob Saget,9975684.0
John Curran,9843714.0
Mamoru Hosoda,9628751.0
Elia Kazan,9600000.0
Jerry Jameson,9557668.0
François Girard,9473382.0
Josh Schwartz,9402410.0
John Waters,9338802.0
Kenneth Lonergan,9226770.0
Aaron Schneider,9176553.0
Tom Ford,9166863.0
Tina Gordon Chism,9123834.0
Mark Herman,9030581.0
Duncan Tucker,9013113.0
Russ Meyer,9000000.0
Benson Lee,8888355.0
Brian Dannelly,8786715.0
Ed Harris,8596914.0
Mort Nathan,8586376.0
Jeff Kanew,8508843.0
Jorma Taccone,8460995.0
Steve James,8362801.0
Darnell Martin,8134217.0
Alejandro Monteverde,8108247.0
Wil Shriner,8080116.0
Davis Guggenheim,8063859.0
George Sidney,8000000.0
George Stevens,8000000.0
William A. Fraker,8000000.0
Lexi Alexander,7948159.0
Nicholas Jarecki,7918283.0
Christopher Leitch,7888703.0
Patrick Stettner,7825820.0
Jason Bateman,7764027.0
István Szabó,7739049.0
Kar-Wai Wong,7722395.0
Gilles Paquet-Brenner,7691700.0
Michael Corrente,7690595.0
Jeff Lowell,7563670.0
Menno Meyjes,7486906.0
Tommy Lee Jones,7452158.0
Dave Borthwick,7382993.0
Kevin Tenney,7369373.0
Karan Johar,7294138.0
Don Coscarelli,7282851.0
Lars von Trier,7261566.0
John Cameron Mitchell,7235268.0
Werner Herzog,7182331.0
Mike Mills,7101387.0
Asghar Farhadi,7098492.0
Nnegest Likké,7059537.0
Sylvain Chomet,7002255.0
Scott Alexander,6982680.0
Roger Avary,6944715.0
Michael Dowse,6923891.0
Stuart Gordon,6870758.0
James Ponsoldt,6851969.0
Risa Bramon Garcia,6851636.0
Marcus Dunstan,6842058.0
Joon-ho Bong,6764441.0
J.S. Cardone,6755271.0
Chris Eyre,6719300.0
Tony Kaye,6712241.0
Raymond De Felitta,6670712.0
Lorene Scafaria,6619173.0
Debra Granik,6531491.0
Joshua Marston,6517198.0
Timothy Björklund,6491350.0
Jeb Stuart,6482195.0
Kevin Spacey,6471114.0
Cyrus Nowrasteh,6462576.0
Anne Fontaine,6426200.0
Vicky Jenson,6373693.0
Anna Boden,6350058.0
John Maybury,6301131.0
Émile Gaudreault,6239558.0
Caroline Link,6173485.0
Jay Levey,6157157.0
Scott Kalvert,6044618.0
Matthew Robbins,6000000.0
Ben Lewin,5997134.0
Brian Trenchard-Smith,5975374.0
Doug Lefler,5932060.0
Matt Piedmont,5895238.0
Charles S. Dutton,5881504.0
Craig Bolotin,5871603.0
Patricia Cardoso,5844929.0
Carlos Carrera,5709616.0
Dean Wright,5669081.0
Sngmoo Lee,5664251.0
Marcos Siega,5654777.0
Cédric Klapisch,5548136.0
Matt Maiellaro,5518918.0
Tamara Jenkins,5480318.0
Jean-Marie Poiré,5477007.0
Tony Maylam,5430822.0
John Michael McDonagh,5359774.0
Hal Needham,5333658.0
Robert Townsend,5228617.0
Tony Richardson,5100000.0
Fina Torres,5018450.0
Jonathan Glazer,5005883.0
Luca Guadagnino,5004648.0
Blair Hayes,5002310.0
Eugène Lourié,5000000.0
Blake Edwards,5000000.0
Olivier Assayas,4993383.0
Peter Kassovitz,4956401.0
Morgan Neville,4946250.0
Todd Lincoln,4930798.0
Jez Butterworth,4919896.0
Dewey Nicks,4814244.0
Todd Solondz,4771000.0
Bruce Paltrow,4734235.0
Mitch Davis,4720371.0
Deb Hagan,4693919.0
Tim Hunter,4600000.0
Zach Cregger,4542775.0
Vincent Paronnaud,4443403.0
Jonathan Teplitzky,4435083.0
Mark Tarlov,4394936.0
Brian Koppelman,4360548.0
Eric Bross,4356743.0
Hart Bochner,4350774.0
Allison Anders,4301331.0
Vondie Curtis-Hall,4273372.0
Steven Shainberg,4267651.0
Paul Gross,4239767.0
Marc Abraham,4234040.0
Ritesh Batra,4231500.0
Adam Rifkin,4193025.0
Russell Crowe,4190530.0
Damien O'Donnell,4170647.0
Peter M. Cohen,4142507.0
Charles Robert Carner,4131640.0
Rodrigo García,4124827.0
Gareth Evans,4105123.0
Chan-wook Park,4095234.0
Philip Saville,4068087.0
Wolfgang Becker,4063859.0
Randall Miller,4040588.0
Jeffrey W. Byrd,4006906.0
Rodman Flender,4002955.0
Sam Firstenberg,4000000.0
Jon Poll,3950294.0
Xavier Beauvois,3950029.0
Anthony Hickox,3902679.0
Miranda July,3885134.0
Brian Baugh,3773863.0
Michael Radford,3752725.0
Mabrouk El Mechri,3749061.0
Michael Haneke,3742664.0
Rick de Oliveira,3713002.0
Christophe Barratier,3629758.0
Max Joseph,3590010.0
Michael Cuesta,3587475.0
Floria Sigismondi,3571735.0
Tom Schulman,3559990.0
Mike Marvin,3500000.0
Jeremy Saulnier,3477142.0
Maggie Carey,3447339.0
Duke Johnson,3442820.0
Denys Arcand,3432342.0
Drake Doremus,3388210.0
John Putch,3333823.0
Louis C.K.,3293258.0
Jill Sprecher,3287435.0
Peter Medak,3275585.0
Paul Schrader,3211560.0
Susan Seidelman,3123749.0
Stephen Carpenter,3100650.0
Jon Stewart,3093491.0
Charlie Kaufman,3081925.0
François Ozon,3076425.0
Darren Stein,3071947.0
Harley Cokeliss,3060858.0
Patrice Leconte,3058380.0
Maggie Greenwald,3050934.0
Yash Chopra,3047539.0
Terence Davies,3041803.0
Daisy von Scherler Mayer,3034181.0
Mark Sandrich,3000000.0
Rowan Joffe,2963012.0
Julian Schnabel,2961991.0
Vincente Minnelli,2956000.0
Whit Stillman,2938208.0
Clark Gregg,2926565.0
David Boyd,2859955.0
Susanne Bier,2849142.0
David Nixon,2848578.0
Paolo Sorrentino,2835886.0
Harry Beaumont,2808000.0
William A. Graham,2807854.0
Jeff Franklin,2800000.0
Robert B. Weide,2775593.0
Vincent Gallo,2731665.0
Matty Rich,2712293.0
Dan Rush,2711210.0
Ryan Fleck,2694973.0
George Hickenlooper,2694236.0
Ron Fricke,2601847.0
Jamie Babbit,2581039.0
Courtney Hunt,2508841.0
Andy Garcia,2483955.0
Jean-Paul Rappeneau,2353728.0
Tom Brady,2331318.0
Fred Schepisi,2326407.0
Jim Goddard,2315683.0
Lloyd Bacon,2300000.0
Ari Folman,2283276.0
Thomas Vinterberg,2281854.0
Zal Batmanglij,2268296.0
Angelo Pizzo,2246000.0
George Gallo,2244208.0
Bille August,2221994.0
Billy Ray,2207975.0
Kevin Brodie,2148212.0
Wilson Yip,2126511.0
Emile Ardolino,2119994.0
Paul Mazursky,2104000.0
Antonia Bird,2060953.0
Barry W. Blaustein,2047570.0
David Atkins,2025238.0
Sterling Van Wagenen,2024854.0
James Toback,2006225.0
Nancy Walker,2000000.0
Noel Marshall,2000000.0
Maria Maggenti,1977544.0
Antonio Banderas,1954202.0
Michael Chapman,1953732.0
Mark Illsley,1943649.0
Tim Chambers,1889522.0
Daniel Barber,1818681.0
Peter Care,1779284.0
Greg Berlanti,1744858.0
Lynne Ramsay,1738692.0
Frank LaLoggia,1705139.0
Carlos Saura,1687311.0
Kenneth Johnson,1686429.0
Chris Paine,1677838.0
Eric Blakeney,1631839.0
Henry Alex Rubin,1523883.0
Ira Sachs,1506998.0
Michael Cimino,1500000.0
Marielle Heller,1477002.0
Derrick Borte,1474508.0
Jeff Burr,1400000.0
Mike Cahill,1316074.0
Greg Harrison,1306252.0
Alison Maclean,1282084.0
Jamie Travis,1243961.0
Abel Ferrara,1227324.0
Fabián Bielinsky,1221261.0
Jon Hess,1200000.0
Cristian Mungiu,1185783.0
Wayne Beach,1181197.0
David Sington,1134049.0
Siddiq Barmak,1127331.0
Kelly Reichardt,1112294.0
Je-kyu Kang,1110186.0
Gary Rogers,1098224.0
William Dear,1089445.0
Anand Tucker,1083801.0
Bob Rafelson,1075288.0
Nadine Labaki,1060591.0
James Cox,1056102.0
Christian Carion,1050445.0
Meiert Avis,1046166.0
Rodrigo Cortés,1028658.0
Jon Shear,1027119.0
Joe Cornish,1024175.0
Richard Kwietniowski,1011054.0
James Fargo,1000000.0
Dick Richards,1000000.0
Pawel Pawlikowski,992238.0
Marc Levin,982214.0
Robby Henson,978908.0
Fenton Bailey,950286.0
Majid Majidi,925402.0
Joseph Dorman,906666.0
Piyush Dinker Pandya,902835.0
Bob Odenkirk,900926.0
Salvador Carrasco,886410.0
Marc Forby,883887.0
David Webb Peoples,882290.0
Sylvio Tabet,869325.0
Dave McKean,864959.0
Carroll Ballard,860002.0
C. Jay Cox,851876.0
Katsuhiro Ôtomo,849550.0
Steve Buscemi,849306.0
Ruggero Deodato,800000.0
Franklin J. Schaffner,800000.0
Richard Dutcher,798341.0
Michael McGowan,795126.0
Michael Herz,792966.0
Robert Towne,777423.0
Mike van Diem,713413.0
Rebecca Miller,712294.0
Jason Eisener,703002.0
Tomm Moore,686383.0
Jafar Panahi,673780.0
Ol Parker,671240.0
Richard Williams,669276.0
Kaige Chen,668171.0
Ham Tran,638951.0
Laurent Tirard,634277.0
Jirí Menzel,617228.0
Hsiao-Hsien Hou,613556.0
Aki Kaurismäki,611709.0
Rich Cowan,609042.0
Jacob Aaron Estes,603943.0
Steve Taylor,594904.0
Jonathan Caouette,592014.0
Joshua Seftel,578527.0
David Jacobson,568695.0
Mars Callahan,562059.0
Martin Koolhoven,542860.0
Myles Berkowitz,536767.0
Huck Botko,535249.0
Michel Leclerc,513836.0
Marc F. Adler,511920.0
Joshua Oppenheimer,484221.0
Corey Yuen,480314.0
Andrew Haigh,469947.0
Finn Taylor,464655.0
Karen Moncrieff,464126.0
Chatrichalerm Yukol,454255.0
Shari Springer Berman,453079.0
Takeshi Kitano,447750.0
Jamal Hill,444044.0
Tom Kalin,434417.0
Morgan J. Freeman,433188.0
Shane Carruth,424760.0
Leslye Headland,418268.0
Jonas Åkerlund,410241.0
Henry Bean,406035.0
Ray Lawrence,399879.0
Rick Bieber,399611.0
Sally Potter,396035.0
Isabel Coixet,395592.0
Lena Dunham,389804.0
Spencer Susser,382946.0
Michael Landon Jr.,379643.0
Hans Canosa,379122.0
Anna Muylaert,375723.0
David Anspaugh,375474.0
David Duchovny,371081.0
Gregor Jordan,353743.0
Agnieszka Holland,352786.0
Dario Argento,349618.0
Gaspar Noé,336467.0
Keith Gordon,336456.0
Shane Meadows,327919.0
Matt Dillon,325491.0
Craig Zobel,318622.0
Udayan Prasad,317040.0
Petter Næss,313436.0
Marco Kreuzpaintner,309218.0
Alex Zamm,306715.0
Lucrecia Martel,304124.0
Stefan Schwartz,302204.0
Andrew Currie,298110.0
Eric Schaeffer,295468.0
Anthony Powell,287761.0
Efram Potelle,279282.0
Kevin Jordan,277233.0
Alex Gibney,274661.0
Akira Kurosawa,269061.0
Robert Lee King,265107.0
Jon Gunn,257210.0
André Øvredal,252652.0
Neema Barnette,243347.0
Gareth Edwards,237301.0
Richard E. Grant,233103.0
Lance Hool,229311.0
Dan Harris,228524.0
Mel Smith,226792.0
Guillaume Canet,224891.0
Robert Cary,220234.0
Bill Plympton,203134.0
Tim Heidecker,200803.0
Laurie Collyer,198407.0
Thaddeus O'Sullivan,196067.0
Lajos Koltai,195888.0
Jeff Garlin,194568.0
Carmen Marron,178739.0
Ti West,178160.0
Alan Rudolph,175370.0
Joshua Tickell,173783.0
Bruce Campbell,173066.0
Charles Chaplin,163245.0
Michel Orion Scott,155984.0
Fernando León de Aranoa,146402.0
Lucky McKee,145540.0
Ole Christian Madsen,145109.0
Paul Crowder,144431.0
Richard Raymond,143653.0
Deon Taylor,143000.0
Christopher Smith,136432.0
Henry Hobson,131175.0
Peter Ho-Sun Chan,128978.0
Li Zhang,127437.0
Andrew Wilson,127144.0
Lucio Fulci,126387.0
Alan Metter,126247.0
Nicholas Fackler,124720.0
Lance Mungia,124494.0
Daniel Algrant,121972.0
Chuan Lu,119922.0
Pete Jones,119841.0
Joey Lauren Adams,117560.0
James Dodson,115504.0
Tom Putnam,111300.0
Larry Blamire,110536.0
Rachel Perkins,110029.0
Marc Schölermann,108662.0
Agnieszka Wojtowicz-Vosloo,108229.0
Justin Kerrigan,104257.0
Goran Dukic,104077.0
Tony Jaa,102055.0
Adam Rapp,101228.0
Hue Rhodes,100669.0
Julio DePietro,100503.0
Reed Cowan,99851.0
Quentin Dupieux,98017.0
Johnny Remo,96734.0
Stefan Ruzowitzky,94252.0
Katherine Dieckmann,92900.0
Steven R. Monroe,92401.0
Barry Skolnick,92191.0
Giuseppe Tornatore,85433.0
Gérard Krawczyk,81525.0
Alex Rivera,75727.0
Ryûhei Kitamura,73548.0
Daniel Lee,72413.0
Michael D. Sellers,71904.0
Stéphane Aubier,71442.0
Michael Clancy,70527.0
Oren Moverman,66637.0
Christian Volckman,63260.0
Benjamin Dickinson,62480.0
E.L. Katz,59379.0
Kurt Voss,58936.0
David Schwimmer,58214.0
Panos Cosmatos,56129.0
Robert Moresco,53481.0
James Mottern,52166.0
Arie Posin,49526.0
Johnnie To,49413.0
Nick Tomnay,48430.0
Stephen Milburn Anderson,46451.0
Mary McGuckian,42880.0
Brandon Trost,40557.0
Jason Alexander,39852.0
Nacho Vigalondo,38108.0
Peter Stebbings,37606.0
Zak Penn,36830.0
S.R. Bindler,36497.0
Joe Swanberg,30084.0
Dito Montiel,28870.0
George Ratliff,27445.0
François Truffaut,26893.0
Fritz Lang,26435.0
Nick Love,26345.0
Ben Wheatley,26297.0
Eric Bress,23947.0
Ruairi Robinson,23838.0
Vicente Amorim,23091.0
Lloyd Kaufman,23000.0
Hitoshi Matsumoto,22770.0
Akiva Goldsman,22451.0
Jake Paltrow,20380.0
Karim Aïnouz,20262.0
Kat Coiro,20186.0
Dagur Kári,19959.0
Jonathan Kesselman,19539.0
Michael Meredith,19348.0
Jim Mickle,18469.0
Pascal Arnold,18435.0
Oliver Blackburn,18378.0
Klaus Menzel,16066.0
John Duigan,15593.0
Arthur Hiller,15447.0
Rich Christiano,15278.0
Sam Peckinpah,14873.0
Scott Ziehl,13493.0
Alex Smith,13134.0
Franck Khalfoun,12843.0
Hunter Richards,12667.0
Damian Nieman,10696.0
Eric Nicholas,10018.0
Orson Welles,7927.0
Ramaa Mosley,6643.0
Hal Haberman,6387.0
Scott Marshall,5561.0
Eddie O'Flaherty,5199.0
Ralph Ziman,4958.0
Jonathan Newman,4756.0
Álex de la Iglesia,3607.0
Bruce McDonald,3478.0
Adam Goldberg,2580.0
Bruce Dellis,2468.0
Paul Bunnell,2436.0
Alex Craig Mann,1332.0
Ricki Stern,1111.0
Frank Whaley,703.0
Ekachai Uekrongtham,162.0
